Region,Catch
SSE,3184.660714285714
BRB,2709.79649122807
NSE,1825.0208695652175
KOD,1528.35
PWS,1419.2366972477064
SOP,1110.9422222222222
CKI,683.5714285714286
CHG,315.48727272727274
NOP,229.49347826086955
COP,179.22340425531914
GSE,133.84146341463415
YAK,91.92291666666667
YUK,68.64556962025317
KSK,67.64235294117647
NRS,51.502702702702706
ALU,40.38390804597701
KTZ,18.836144578313252
BER,16.372549019607842
