Region,Catch
ALU,40.38390804597701
BER,16.372549019607842
BRB,2709.79649122807
CHG,315.48727272727274
CKI,683.5714285714286
COP,179.22340425531914
GSE,133.84146341463415
KOD,1528.35
KSK,67.64235294117647
KTZ,18.836144578313252
NOP,229.49347826086955
NRS,51.502702702702706
NSE,1825.0208695652175
PWS,1419.2366972477064
SOP,1110.9422222222222
SSE,3184.660714285714
YAK,91.92291666666667
YUK,68.64556962025317
